date,price
2016-03-31,7738.4
2016-03-30,7735.2
2016-03-29,7597
2016-03-28,7615.1
2016-03-23,7716.5
2016-03-22,7714.9
2016-03-21,7704.25
2016-03-18,7604.35
2016-03-17,7512.55
2016-03-16,7498.75
2016-03-15,7460.6
2016-03-14,7538.75
2016-03-11,7510.2
2016-03-10,7486.15
2016-03-09,7531.8
2016-03-08,7485.3
2016-03-04,7485.35
2016-03-03,7475.6
2016-03-02,7368.85
2016-03-01,7222.3
2016-02-29,6987.05
2016-02-26,7029.75
2016-02-25,6970.6
2016-02-24,7018.7
2016-02-23,7109.55
2016-02-22,7234.55
2016-02-19,7210.75
2016-02-18,7191.75
2016-02-17,7108.45
2016-02-16,7048.25
2016-02-15,7162.95
2016-02-12,6980.95
2016-02-11,6976.35
2016-02-10,7215.7
2016-02-09,7298.2
2016-02-08,7387.25
2016-02-05,7489.1
2016-02-04,7404
2016-02-03,7361.8
2016-02-02,7455.55
2016-02-01,7555.95
2016-01-29,7563.55
2016-01-28,7424.65
2016-01-27,7437.75
2016-01-25,7436.15
2016-01-22,7422.45
2016-01-21,7276.8
2016-01-20,7309.3
2016-01-19,7435.1
2016-01-18,7351
2016-01-15,7437.8
2016-01-14,7536.8
2016-01-13,7562.4
2016-01-12,7510.3
2016-01-11,7563.85
2016-01-08,7601.35
2016-01-07,7568.3
2016-01-06,7741
2016-01-05,7784.65
2016-01-04,7791.3
2016-01-01,7982
2015-12-31,7946.35
2015-12-30,7896.25
2015-12-29,7928.95
2015-12-28,7925.15
2015-12-24,7861.05
2015-12-23,7865.95
2015-12-22,7786.1
2015-12-21,7834.45
2015-12-18,7761.95
2015-12-17,7844.35
2015-12-16,7750.9
2015-12-15,7700.9
2015-12-14,7650.05
2015-12-11,7610.45
2015-12-10,7683.3
2015-12-09,7612.5
2015-12-08,7701.7
2015-12-07,7765.4
2015-12-04,7781.9
2015-12-03,7864.15
2015-12-02,7931.35
2015-12-01,7954.9
2015-11-30,7935.25
2015-11-27,7942.7
2015-11-26,7883.8
2015-11-24,7831.6
2015-11-23,7849.25
2015-11-20,7856.55
2015-11-19,7842.75
2015-11-18,7731.8
2015-11-17,7837.55
2015-11-16,7806.6
2015-11-13,7762.25
2015-11-11,7825
2015-11-10,7783.35
2015-11-09,7915.2
2015-11-06,7954.3
2015-11-05,7955.45
2015-11-04,8040.2
2015-11-03,8060.7
2015-11-02,8050.8
2015-10-30,8065.8
2015-10-29,8111.75
2015-10-28,8171.2
2015-10-27,8232.9
2015-10-26,8260.55
2015-10-23,8295.45
2015-10-21,8251.7
2015-10-20,8261.65
2015-10-19,8275.05
2015-10-16,8238.15
2015-10-15,8179.5
2015-10-14,8107.9
2015-10-13,8131.7
2015-10-12,8143.6
2015-10-09,8189.7
2015-10-08,8129.35
2015-10-07,8177.4
2015-10-06,8152.9
2015-10-05,8119.3
2015-10-01,7950.9
2015-09-30,7948.9
2015-09-29,7843.3
2015-09-28,7795.7
2015-09-24,7868.5
2015-09-23,7845.95
2015-09-22,7812
2015-09-21,7977.1
2015-09-18,7981.9
2015-09-16,7899.15
2015-09-15,7829.1
2015-09-14,7872.25
2015-09-11,7789.3
2015-09-10,7788.1
2015-09-09,7818.6
2015-09-08,7688.25
2015-09-07,7558.8
2015-09-04,7655.05
2015-09-03,7823
2015-09-02,7717
2015-09-01,7785.85
2015-08-31,7971.3
2015-08-28,8001.95
2015-08-27,7948.95
2015-08-26,7791.85
2015-08-25,7880.7
2015-08-24,7809
2015-08-21,8299.95
2015-08-20,8372.75
2015-08-19,8495.15
2015-08-18,8466.55
2015-08-17,8477.3
2015-08-14,8518.55
2015-08-13,8355.85
2015-08-12,8349.45
2015-08-11,8462.35
2015-08-10,8525.6
2015-08-07,8564.6
2015-08-06,8588.65
2015-08-05,8567.95
2015-08-04,8516.9
2015-08-03,8543.05
2015-07-31,8532.85
2015-07-30,8421.8
2015-07-29,8375.05
2015-07-28,8337
2015-07-27,8361
2015-07-24,8521.55
2015-07-23,8589.8
2015-07-22,8633.5
2015-07-21,8529.45
2015-07-20,8603.45
2015-07-17,8609.85
2015-07-16,8608.05
2015-07-15,8523.8
2015-07-14,8454.1
2015-07-13,8459.65
2015-07-10,8360.55
2015-07-09,8328.55
2015-07-08,8363.05
2015-07-07,8510.8
2015-07-06,8522.15
2015-07-03,8484.9
2015-07-02,8444.9
2015-07-01,8453.05
2015-06-30,8368.5
2015-06-29,8318.4
2015-06-26,8381.1
2015-06-25,8398
2015-06-24,8360.85
2015-06-23,8381.55
2015-06-22,8353.1
2015-06-19,8224.95
2015-06-18,8174.6
2015-06-17,8091.55
2015-06-16,8047.3
2015-06-15,8013.9
2015-06-12,7982.9
2015-06-11,7965.35
2015-06-10,8124.45
2015-06-09,8022.4
2015-06-08,8044.15
2015-06-05,8114.7
2015-06-04,8130.65
2015-06-03,8135.1
2015-06-02,8236.45
2015-06-01,8433.4
2015-05-29,8433.65
2015-05-28,8319
2015-05-27,8334.6
2015-05-26,8339.35
2015-05-25,8370.25
2015-05-22,8458.95
2015-05-21,8421
2015-05-20,8423.25
2015-05-19,8365.65
2015-05-18,8373.65
2015-05-15,8262.35
2015-05-14,8224.2
2015-05-13,8235.45
2015-05-12,8126.95
2015-05-11,8325.25
2015-05-08,8191.5
2015-05-07,8057.3
2015-05-06,8097
2015-05-05,8324.8
2015-05-04,8331.95
2015-04-30,8181.5
2015-04-29,8239.75
2015-04-28,8285.6
2015-04-27,8213.8
2015-04-24,8305.25
2015-04-23,8398.3
2015-04-22,8429.7
2015-04-21,8377.75
2015-04-20,8448.1
2015-04-17,8606
2015-04-16,8706.7
2015-04-15,8786.15
2015-04-13,8834
2015-04-10,8780.35
2015-04-09,8778.3
2015-04-08,8714.4
2015-04-07,8660.3
2015-04-06,8659.9
2015-04-01,8586.25
2015-03-31,8491
2015-03-30,8492.3
2015-03-27,8341.4
2015-03-26,8342.15
2015-03-25,8530.8
2015-03-24,8542.95
2015-03-23,8550.9
2015-03-20,8570.9
2015-03-19,8634.65
2015-03-18,8685.9
2015-03-17,8723.3
2015-03-16,8633.15
2015-03-13,8647.75
2015-03-12,8776
2015-03-11,8699.95
2015-03-10,8712.05
2015-03-09,8756.75
2015-03-05,8937.75
2015-03-04,8922.65
2015-03-03,8996.25
2015-03-02,8956.75
2015-02-28,8964.65
2015-02-27,8844.6
2015-02-26,8683.85
2015-02-25,8767.25
2015-02-24,8762.1
2015-02-23,8754.95
2015-02-20,8833.6
2015-02-19,8895.3
2015-02-18,8869.1
2015-02-16,8809.35
2015-02-13,8805.5
2015-02-12,8711.55
2015-02-11,8627.4
2015-02-10,8565.55
2015-02-09,8526.35
2015-02-06,8661.05
2015-02-05,8711.7
2015-02-04,8723.7
2015-02-03,8756.55
2015-02-02,8797.4
2015-01-30,8808.9
2015-01-29,8952.35
2015-01-28,8914.3
2015-01-27,8910.5
2015-01-23,8835.6
2015-01-22,8761.4
2015-01-21,8729.5
2015-01-20,8695.6
2015-01-19,8550.7
2015-01-16,8513.8
2015-01-15,8494.15
2015-01-14,8277.55
2015-01-13,8299.4
2015-01-12,8323
2015-01-09,8284.5
2015-01-08,8234.6
2015-01-07,8102.1
2015-01-06,8127.35
2015-01-05,8378.4
2015-01-02,8395.45
2015-01-01,8343.8
2014-12-31,8282.7
2014-12-30,8248.25
2014-12-29,8246.3
2014-12-26,8200.7
2014-12-24,8174.1
2014-12-23,8267
2014-12-22,8324
2014-12-19,8225.2
2014-12-18,8159.3
2014-12-17,8029.8
2014-12-16,8067.6
2014-12-15,8219.6
2014-12-12,8224.1
2014-12-11,8292.9
2014-12-10,8355.65
2014-12-09,8340.7
2014-12-08,8438.25
2014-12-05,8538.3
2014-12-04,8564.4
2014-12-03,8537.65
2014-12-02,8524.7
2014-12-01,8555.9
2014-11-28,8588.25
2014-11-27,8494.2
2014-11-26,8475.75
2014-11-25,8463.1
2014-11-24,8530.15
2014-11-21,8477.35
2014-11-20,8401.9
2014-11-19,8382.3
2014-11-18,8425.9
2014-11-17,8430.75
2014-11-14,8389.9
2014-11-13,8357.85
2014-11-12,8383.3
2014-11-11,8362.65
2014-11-10,8344.25
2014-11-07,8337
2014-11-05,8338.3
2014-11-03,8324.15
2014-10-31,8322.2
2014-10-30,8169.2
2014-10-29,8090.45
2014-10-28,8027.6
2014-10-27,7991.7
2014-10-23,8014.55
2014-10-22,7995.9
2014-10-21,7927.75
2014-10-20,7879.4
2014-10-17,7779.7
2014-10-16,7748.2
2014-10-14,7864
2014-10-13,7884.25
2014-10-10,7859.95
2014-10-09,7960.55
2014-10-08,7842.7
2014-10-07,7852.4
2014-10-01,7945.55
2014-09-30,7964.8
2014-09-29,7958.9
2014-09-26,7968.85
2014-09-25,7911.85
2014-09-24,8002.4
2014-09-23,8017.55
2014-09-22,8146.3
2014-09-19,8121.45
2014-09-18,8114.75
2014-09-17,7975.5
2014-09-16,7932.9
2014-09-15,8042
2014-09-12,8105.5
2014-09-11,8085.7
2014-09-10,8094.1
2014-09-09,8152.95
2014-09-08,8173.9
2014-09-05,8086.85
2014-09-04,8095.95
2014-09-03,8114.6
2014-09-02,8083.05
2014-09-01,8027.7
2014-08-28,7954.35
2014-08-27,7936.05
2014-08-26,7904.75
2014-08-25,7906.3
2014-08-22,7913.2
2014-08-21,7891.1
2014-08-20,7875.3
2014-08-19,7897.5
2014-08-18,7874.25
2014-08-14,7791.7
2014-08-13,7739.55
2014-08-12,7727.05
2014-08-11,7625.95
2014-08-08,7568.55
2014-08-07,7649.25
2014-08-06,7672.05
2014-08-05,7746.55
2014-08-04,7683.65
2014-08-01,7602.6
2014-07-31,7721.3
2014-07-30,7791.4
2014-07-28,7748.7
2014-07-25,7790.45
2014-07-24,7830.6
2014-07-23,7795.75
2014-07-22,7767.85
2014-07-21,7684.2
2014-07-18,7663.9
2014-07-17,7640.45
2014-07-16,7624.4
2014-07-15,7526.65
2014-07-14,7454.15
2014-07-11,7459.6
2014-07-10,7567.75
2014-07-09,7585
2014-07-08,7623.2
2014-07-07,7787.15
2014-07-04,7751.6
2014-07-03,7714.8
2014-07-02,7725.15
2014-07-01,7634.7
2014-06-30,7611.35
2014-06-27,7508.8
2014-06-26,7493.2
2014-06-25,7569.25
2014-06-24,7580.2
2014-06-23,7493.35
2014-06-20,7511.45
2014-06-19,7540.7
2014-06-18,7558.2
2014-06-17,7631.7
2014-06-16,7533.55
2014-06-13,7542.1
2014-06-12,7649.9
2014-06-11,7626.85
2014-06-10,7656.4
2014-06-09,7654.6
2014-06-06,7583.4
2014-06-05,7474.1
2014-06-04,7402.25
2014-06-03,7415.85
2014-06-02,7362.5
2014-05-30,7229.95
2014-05-29,7235.65
2014-05-28,7329.65
2014-05-27,7318
2014-05-26,7359.05
2014-05-23,7367.1
2014-05-22,7276.4
2014-05-21,7252.9
2014-05-20,7275.5
2014-05-19,7263.55
2014-05-16,7203
2014-05-15,7123.15
2014-05-14,7108.75
2014-05-13,7108.75
2014-05-12,7014.25
2014-05-09,6858.8
2014-05-08,6659.85
2014-05-07,6652.55
2014-05-06,6715.3
2014-05-05,6699.35
2014-05-02,6694.8
2014-04-30,6696.4
2014-04-29,6715.25
2014-04-28,6761.25
2014-04-25,6782.75
2014-04-23,6840.8
2014-04-22,6815.35
2014-04-21,6817.65
2014-04-17,6779.4
2014-04-16,6675.3
2014-04-15,6733.1
2014-04-11,6776.3
2014-04-10,6796.4
2014-04-09,6796.2
2014-04-07,6695.05
2014-04-04,6694.35
2014-04-03,6736.1
2014-04-02,6752.55
2014-04-01,6721.05
2014-03-31,6704.2
2014-03-28,6695.9
2014-03-27,6641.75
2014-03-26,6601.4
2014-03-25,6589.75
2014-03-24,6583.5
2014-03-22,6512.15
2014-03-21,6493.2
2014-03-20,6483.1
2014-03-19,6524.05
2014-03-18,6516.65
2014-03-14,6504.2
2014-03-13,6493.1
2014-03-12,6516.9
2014-03-11,6511.9
2014-03-10,6537.25
2014-03-07,6526.65
2014-03-06,6401.15
2014-03-05,6328.65
2014-03-04,6297.95
2014-03-03,6221.45
2014-02-28,6276.95
2014-02-26,6238.8
2014-02-25,6200.05
2014-02-24,6186.1
2014-02-21,6155.45
2014-02-20,6091.45
2014-02-19,6152.75
2014-02-18,6127.1
2014-02-17,6073.3
2014-02-14,6048.35
2014-02-13,6001.1
2014-02-12,6084
2014-02-11,6062.7
2014-02-10,6053.45
2014-02-07,6063.2
2014-02-06,6036.3
2014-02-05,6022.4
2014-02-04,6000.9
2014-02-03,6001.8
2014-01-31,6089.5
2014-01-30,6073.7
2014-01-29,6120.25
2014-01-28,6126.25
2014-01-27,6135.85
2014-01-24,6266.75
2014-01-23,6345.65
2014-01-22,6338.95
2014-01-21,6313.8
2014-01-20,6303.95
2014-01-17,6261.65
2014-01-16,6318.9
2014-01-15,6320.9
2014-01-14,6241.85
2014-01-13,6272.75
2014-01-10,6171.45
2014-01-09,6168.35
2014-01-08,6174.6
2014-01-07,6162.25
2014-01-06,6191.45
2014-01-03,6211.15
2014-01-02,6221.15
2014-01-01,6358.15
2013-12-31,6304
2013-12-30,6291.1
2013-12-27,6313.8
2013-12-26,6278.9
2013-12-24,6268.4
2013-12-23,6284.5
2013-12-20,6274.25
2013-12-19,6166.65
2013-12-18,6217.15
2013-12-17,6139.05
2013-12-16,6154.7
2013-12-13,6168.4
2013-12-12,6237.05
2013-12-11,6307.9
2013-12-10,6332.85
2013-12-09,6363.9
2013-12-06,6259.9
2013-12-05,6241.1
2013-12-04,6160.95
2013-12-03,6201.85
2013-12-02,6217.85
2013-11-29,6176.1
2013-11-28,6091.85
2013-11-27,6057.1
2013-11-26,6059.1
2013-11-25,6115.35
2013-11-22,5995.45
2013-11-21,5999.05
2013-11-20,6122.9
2013-11-19,6203.35
2013-11-18,6189
2013-11-14,6056.15
2013-11-13,5989.6
2013-11-12,6018.05
2013-11-11,6078.8
2013-11-08,6140.75
2013-11-07,6187.25
2013-11-06,6215.15
2013-11-05,6253.15
2013-11-03,6353.05
2013-11-01,6307.2
2013-10-31,6299.15
2013-10-30,6251.7
2013-10-29,6220.9
2013-10-28,6101.1
2013-10-25,6144.9
2013-10-24,6164.35
2013-10-23,6178.35
2013-10-22,6202.8
2013-10-21,6204.95
2013-10-18,6189.35
2013-10-17,6045.85
2013-10-15,6089.05
2013-10-14,6112.7
2013-10-11,6096.2
2013-10-10,6020.95
2013-10-09,6007.45
2013-10-08,5928.4
2013-10-07,5906.15
2013-10-04,5907.3
2013-10-03,5909.7
2013-10-01,5780.05
2013-09-30,5735.3
2013-09-27,5833.2
2013-09-26,5882.25
2013-09-25,5873.85
2013-09-24,5892.45
2013-09-23,5889.75
2013-09-20,6012.1
2013-09-19,6115.55
2013-09-18,5899.45
2013-09-17,5850.2
2013-09-16,5840.55
2013-09-13,5850.6
2013-09-12,5850.7
2013-09-11,5913.15
2013-09-10,5896.75
2013-09-09,5680.4
2013-09-06,5680.4
2013-09-05,5592.95
2013-09-04,5448.1
2013-09-03,5341.45
2013-09-02,5550.75
2013-08-30,5471.8
2013-08-29,5409.05
2013-08-28,5285
2013-08-27,5287.45
2013-08-26,5476.5
2013-08-23,5471.75
2013-08-22,5408.45
2013-08-21,5302.55
2013-08-20,5401.45
2013-08-19,5414.75
2013-08-16,5507.85
2013-08-15,5742.3
2013-08-14,5742.3
2013-08-13,5699.3
2013-08-12,5612.4
2013-08-09,5565.65
2013-08-08,5565.65
2013-08-07,5519.1
2013-08-06,5542.25
2013-08-05,5685.4
2013-08-02,5677.9
2013-08-01,5727.85
2013-07-31,5742
2013-07-30,5755.05
2013-07-29,5831.65
2013-07-26,5886.2
2013-07-25,5907.5
2013-07-24,5990.5
2013-07-23,6077.8
2013-07-22,6031.8
2013-07-19,6029.2
2013-07-18,6038.05
2013-07-17,5973.3
2013-07-16,5955.25
2013-07-15,6030.8
2013-07-12,6009
2013-07-11,5935.1
2013-07-10,5816.7
2013-07-09,5859
2013-07-08,5811.55
2013-07-05,5867.9
2013-07-04,5836.95
2013-07-03,5770.9
2013-07-02,5857.55
2013-07-01,5898.85
2013-06-28,5842.2
2013-06-27,5682.35
2013-06-26,5588.7
2013-06-25,5609.1
2013-06-24,5590.25
2013-06-21,5667.65
2013-06-20,5655.9
2013-06-19,5822.25
2013-06-18,5813.6
2013-06-17,5850.05
2013-06-14,5808.4
2013-06-13,5699.1
2013-06-12,5760.2
2013-06-11,5788.8
2013-06-10,5878
2013-06-07,5881
2013-06-06,5921.4
2013-06-05,5923.85
2013-06-04,5919.45
2013-06-03,5939.3
2013-05-31,5985.95
2013-05-30,6124.05
2013-05-29,6104.3
2013-05-28,6111.25
2013-05-27,6083.15
2013-05-24,5983.55
2013-05-23,5967.05
2013-05-22,6094.5
2013-05-21,6114.1
2013-05-20,6156.9
2013-05-17,6187.3
2013-05-16,6169.9
2013-05-15,6146.75
2013-05-14,5995.4
2013-05-13,5980.45
2013-05-11,6118.7
2013-05-10,6094.75
2013-05-09,6050.15
2013-05-08,6069.3
2013-05-07,6043.55
2013-05-06,5971.05
2013-05-03,5944
2013-05-02,5999.35
2013-05-01,5930.2
2013-04-30,5930.2
2013-04-29,5904.1
2013-04-26,5871.45
2013-04-25,5916.3
2013-04-24,5836.9
2013-04-23,5836.9
2013-04-22,5834.4
2013-04-19,5783.1
2013-04-18,5783.1
2013-04-17,5688.7
2013-04-16,5688.95
2013-04-15,5568.4
2013-04-12,5528.55
2013-04-11,5594
2013-04-10,5558.7
2013-04-09,5495.1
2013-04-08,5542.95
2013-04-05,5553.25
2013-04-04,5574.75
2013-04-03,5672.9
2013-04-02,5748.1
2013-04-01,5704.4
2013-03-28,5682.55
2013-03-27,5641.6
2013-03-26,5641.6
2013-03-25,5633.85
2013-03-22,5651.35
2013-03-21,5658.75
2013-03-20,5694.4
2013-03-19,5745.95
2013-03-18,5835.25
2013-03-15,5872.6
2013-03-14,5908.95
2013-03-13,5851.2
2013-03-12,5914.1
2013-03-11,5942.35
2013-03-08,5719.7
2013-03-07,5719.7
2013-03-06,5719.7
2013-03-05,5719.7
2013-03-04,5719.7
2013-03-01,5719.7
2013-02-28,5693.05
2013-02-27,5796.9
2013-02-26,5761.35
2013-02-25,5854.75
2013-02-22,5850.3
2013-02-21,5852.25
2013-02-20,5943.05
2013-02-19,5939.7
2013-02-18,5898.2
2013-02-15,5887.4
2013-02-14,5896.95
2013-02-13,5932.95
2013-02-12,5922.5
2013-02-11,5897.85
2013-02-08,5903.5
2013-02-07,5938.8
2013-02-06,5959.2
2013-02-05,5956.9
2013-02-04,5987.25
2013-02-01,5998.9
2013-01-31,6034.75
2013-01-30,6055.75
2013-01-29,6049.9
2013-01-28,6074.8
2013-01-25,6074.65
2013-01-24,6019.35
2013-01-23,6054.3
2013-01-22,6048.5
2013-01-21,6082.3
2013-01-18,6064.4
2013-01-17,6039.2
2013-01-16,6001.85
2013-01-15,6056.6
2013-01-14,6024.05
2013-01-11,5951.3
2013-01-10,5968.65
2013-01-09,5971.5
2013-01-08,6001.7
2013-01-07,5988.4
2013-01-04,6016.15
2013-01-03,6009.5
2013-01-02,5993.25
2013-01-01,6007.5
2012-12-31,5905.1
2012-12-28,5908.35
2012-12-27,5870.1
2012-12-26,5905.6
2012-12-24,5855.75
2012-12-21,5847.7
2012-12-20,5916.4
2012-12-19,5929.6
2012-12-18,5896.8
2012-12-17,5857.9
2012-12-14,5879.6
2012-12-13,5851.5
2012-12-12,5888
2012-12-11,5898.8
2012-12-10,5908.9
2012-12-07,5907.4
2012-12-06,5930.9
2012-12-05,5900.5
2012-12-04,5889.25
2012-12-03,5870.95
2012-11-30,5879.85
2012-11-29,5825
2012-11-28,5727.45
2012-11-27,5727.45
2012-11-26,5635.9
2012-11-23,5626.6
2012-11-22,5627.75
2012-11-21,5614.8
2012-11-20,5571.55
2012-11-19,5571.4
2012-11-16,5574.05
2012-11-15,5631
2012-11-14,5666.95
2012-11-13,5666.95
2012-11-12,5683.7
2012-11-09,5686.25
2012-11-08,5738.75
2012-11-07,5760.1
2012-11-06,5724.4
2012-11-05,5704.2
2012-11-02,5697.7
2012-11-01,5645.05
2012-10-31,5619.7
2012-10-30,5597.9
2012-10-29,5665.6
2012-10-26,5664.3
2012-10-25,5705.3
2012-10-24,5691.4
2012-10-23,5691.4
2012-10-22,5717.15
2012-10-19,5684.25
2012-10-18,5718.7
2012-10-17,5660.25
2012-10-16,5648
2012-10-15,5687.25
2012-10-12,5676.05
2012-10-11,5708.05
2012-10-10,5652.15
2012-10-09,5704.6
2012-10-08,5676
2012-10-05,5746.95
2012-10-04,5787.6
2012-10-03,5731.25
2012-10-02,5718.8
2012-10-01,5718.8
2012-09-28,5703.3
2012-09-27,5649.5
2012-09-26,5663.45
2012-09-25,5673.9
2012-09-24,5669.6
2012-09-21,5691.15
2012-09-20,5554.25
2012-09-19,5600.05
2012-09-18,5600.05
2012-09-17,5610
2012-09-14,5577.65
2012-09-13,5435.35
2012-09-12,5431
2012-09-11,5390
2012-09-10,5363.45
2012-09-08,5380.2
2012-09-07,5342.1
2012-09-06,5238.4
2012-09-05,5225.7
2012-09-04,5274
2012-09-03,5253.75
2012-08-31,5258.5
2012-08-30,5315.05
2012-08-29,5287.8
2012-08-28,5346.05
2012-08-27,5350.25
2012-08-24,5386.7
2012-08-23,5415.35
2012-08-22,5412.85
2012-08-21,5421
2012-08-20,5366.3
2012-08-17,5366.3
2012-08-16,5362.95
2012-08-15,5380.35
2012-08-14,5380.35
2012-08-13,5347.9
2012-08-10,5320.4
2012-08-09,5322.95
2012-08-08,5338
2012-08-07,5336.7
2012-08-06,5282.55
2012-08-03,5215.7
2012-08-02,5227.75
2012-08-01,5240.5
2012-07-31,5229
2012-07-30,5199.8
2012-07-27,5099.85
2012-07-26,5043
2012-07-25,5109.6
2012-07-24,5128.2
2012-07-23,5117.95
2012-07-20,5205.1
2012-07-19,5242.7
2012-07-18,5216.3
2012-07-17,5192.85
2012-07-16,5197.25
2012-07-13,5227.25
2012-07-12,5235.25
2012-07-11,5306.3
2012-07-10,5345.35
2012-07-09,5275.15
2012-07-06,5316.95
2012-07-05,5327.3
2012-07-04,5302.55
2012-07-03,5287.95
2012-07-02,5278.6
2012-06-29,5278.9
2012-06-28,5149.15
2012-06-27,5141.9
2012-06-26,5120.8
2012-06-25,5114.65
2012-06-22,5146.05
2012-06-21,5165
2012-06-20,5120.55
2012-06-19,5103.85
2012-06-18,5064.25
2012-06-15,5139.05
2012-06-14,5054.75
2012-06-13,5121.45
2012-06-12,5115.9
2012-06-11,5054.1
2012-06-08,5068.35
2012-06-07,5049.65
2012-06-06,4997.1
2012-06-05,4863.3
2012-06-04,4848.15
2012-06-01,4841.6
2012-05-31,4924.25
2012-05-30,4950.75
2012-05-29,4990.1
2012-05-28,4985.65
2012-05-25,4920.4
2012-05-24,4921.4
2012-05-23,4835.65
2012-05-22,4860.5
2012-05-21,4893.9
2012-05-18,4891.45
2012-05-17,4870.2
2012-05-16,4858.25
2012-05-15,4942.8
2012-05-14,4907.8
2012-05-11,4928.9
2012-05-10,4965.7
2012-05-09,4974.8
2012-05-08,4999.95
2012-05-07,5114.15
2012-05-04,5086.85
2012-05-03,5188.4
2012-05-02,5239.15
2012-05-01,5248.15
2012-04-30,5248.15
2012-04-28,5232.2
2012-04-27,5190.6
2012-04-26,5189
2012-04-25,5202
2012-04-24,5222.65
2012-04-23,5200.6
2012-04-20,5290.85
2012-04-19,5332.4
2012-04-18,5300
2012-04-17,5289.7
2012-04-16,5226.2
2012-04-13,5207.45
2012-04-12,5276.85
2012-04-11,5226.85
2012-04-10,5243.6
2012-04-09,5234.4
2012-04-05,5322.9
2012-04-04,5322.9
2012-04-03,5358.5
2012-04-02,5317.9
2012-03-30,5295.55
2012-03-29,5178.85
2012-03-28,5194.75
2012-03-27,5243.15
2012-03-26,5184.25
2012-03-23,5278.2
2012-03-22,5228.45
2012-03-21,5364.95
2012-03-20,5274.85
2012-03-19,5257.05
2012-03-16,5317.9
2012-03-15,5380.5
2012-03-14,5463.9
2012-03-13,5429.5
2012-03-12,5359.55
2012-03-09,5333.55
2012-03-08,5220.45
2012-03-07,5220.45
2012-03-06,5222.4
2012-03-05,5280.35
2012-03-03,5396.5
2012-03-02,5359.35
2012-03-01,5339.75
2012-02-29,5385.2
2012-02-28,5375.5
2012-02-27,5281.2
2012-02-24,5429.3
2012-02-23,5483.3
2012-02-22,5505.35
2012-02-21,5607.15
2012-02-17,5564.3
2012-02-16,5521.95
2012-02-15,5531.95
2012-02-14,5416.05
2012-02-13,5390.2
2012-02-10,5381.6
2012-02-09,5412.35
2012-02-08,5368.15
2012-02-07,5335.15
2012-02-06,5361.65
2012-02-03,5325.85
2012-02-02,5269.9
2012-02-01,5235.7
2012-01-31,5199.25
2012-01-30,5087.3
2012-01-27,5204.7
2012-01-26,5158.3
2012-01-25,5158.3
2012-01-24,5127.35
2012-01-23,5046.25
2012-01-20,5048.6
2012-01-19,5018.4
2012-01-18,4955.8
2012-01-17,4967.3
2012-01-16,4873.9
2012-01-13,4866
2012-01-12,4831.25
2012-01-11,4860.95
2012-01-10,4849.55
2012-01-09,4742.8
2012-01-07,4760
2012-01-06,4754.1
2012-01-05,4749.95
2012-01-04,4749.65
2012-01-03,4765.3
2012-01-02,4648.1
2011-12-30,4624.3
2011-12-29,4646.25
2011-12-28,4705.8
2011-12-27,4750.5
2011-12-26,4787.7
2011-12-23,4714
2011-12-22,4733.85
2011-12-21,4693.15
2011-12-20,4544.2
2011-12-19,4613.1
2011-12-16,4651.6
2011-12-15,4746.35
2011-12-14,4763.25
2011-12-13,4800.6
2011-12-12,4764.6
2011-12-09,4866.7
2011-12-08,4943.65
2011-12-07,5062.6
2011-12-06,5039.15
2011-12-05,5039.15
2011-12-02,5050.15
2011-12-01,4936.85
2011-11-30,4832.05
2011-11-29,4805.1
2011-11-28,4851.3
2011-11-25,4710.05
2011-11-24,4755
2011-11-23,4706.45
2011-11-22,4812.35
2011-11-21,4778.35
2011-11-18,4905.8
2011-11-17,4934.75
2011-11-16,5030.45
2011-11-15,5068.5
2011-11-14,5148.35
2011-11-11,5168.85
2011-11-10,5221.05
2011-11-09,5221.05
2011-11-08,5289.35
2011-11-07,5284.2
2011-11-04,5284.2
2011-11-03,5265.75
2011-11-02,5258.45
2011-11-01,5257.95
2011-10-31,5326.6
2011-10-28,5360.7
2011-10-27,5201.8
2011-10-26,5201.8
2011-10-25,5191.6
2011-10-24,5098.35
2011-10-21,5049.95
2011-10-20,5091.9
2011-10-19,5139.15
2011-10-18,5037.5
2011-10-17,5118.25
2011-10-14,5132.3
2011-10-13,5077.85
2011-10-12,5099.4
2011-10-11,4974.35
2011-10-10,4979.6
2011-10-07,4888.05
2011-10-06,4751.3
2011-10-05,4751.3
2011-10-04,4772.15
2011-10-03,4849.5
2011-09-30,4943.25
2011-09-29,5015.45
2011-09-28,4945.9
2011-09-27,4971.25
2011-09-26,4835.4
2011-09-23,4867.75
2011-09-22,4923.65
2011-09-21,5133.25
2011-09-20,5140.2
2011-09-19,5031.95
2011-09-16,5084.25
2011-09-15,5075.7
2011-09-14,5012.55
2011-09-13,4940.95
2011-09-12,4946.8
2011-09-09,5059.45
2011-09-08,5153.25
2011-09-07,5124.65
2011-09-06,5064.3
2011-09-05,5017.2
2011-09-02,5040
2011-09-01,5001
2011-08-31,5001
2011-08-30,5001
2011-08-29,4919.6
2011-08-26,4747.8
2011-08-25,4839.6
2011-08-24,4888.9
2011-08-23,4948.9
2011-08-22,4898.8
2011-08-19,4845.65
2011-08-18,4944.15
2011-08-17,5056.6
2011-08-16,5035.8
2011-08-15,5072.95
2011-08-12,5072.95
2011-08-11,5138.3
2011-08-10,5161
2011-08-09,5072.85
2011-08-08,5118.5
2011-08-05,5211.25
2011-08-04,5331.8
2011-08-03,5404.8
2011-08-02,5456.55
2011-08-01,5516.8
2011-07-29,5482
2011-07-28,5487.75
2011-07-27,5546.8
2011-07-26,5574.85
2011-07-25,5680.3
2011-07-22,5633.95
2011-07-21,5541.6
2011-07-20,5567.05
2011-07-19,5613.55
2011-07-18,5567.05
2011-07-15,5581.1
2011-07-14,5512.3
2011-07-13,5585.45
2011-07-12,5526.15
2011-07-11,5616.1
2011-07-08,5660.65
2011-07-07,5728.95
2011-07-06,5625.45
2011-07-05,5632.1
2011-07-04,5650.5
2011-07-01,5627.2
2011-06-30,5647.4
2011-06-29,5600.45
2011-06-28,5545.3
2011-06-27,5526.6
2011-06-24,5471.25
2011-06-23,5320
2011-06-22,5278.3
2011-06-21,5275.85
2011-06-20,5257.9
2011-06-17,5366.4
2011-06-16,5396.75
2011-06-15,5447.5
2011-06-14,5500.5
2011-06-13,5482.8
2011-06-10,5485.8
2011-06-09,5521.05
2011-06-08,5526.85
2011-06-07,5556.15
2011-06-06,5532.05
2011-06-03,5516.75
2011-06-02,5550.35
2011-06-01,5592
2011-05-31,5554.9
2011-05-30,5473.1
2011-05-27,5476.1
2011-05-26,5412.35
2011-05-25,5348.95
2011-05-24,5394.85
2011-05-23,5386.55
2011-05-20,5486.35
2011-05-19,5428.1
2011-05-18,5420.6
2011-05-17,5438.95
2011-05-16,5499
2011-05-13,5544.75
2011-05-12,5486.15
2011-05-11,5565.05
2011-05-10,5541.25
2011-05-09,5551.1
2011-05-06,5551.45
2011-05-05,5459.85
2011-05-04,5537.15
2011-05-03,5565.25
2011-05-02,5701.3
2011-04-29,5749.5
2011-04-28,5785.45
2011-04-27,5833.9
2011-04-26,5868.4
2011-04-25,5874.5
2011-04-21,5884.7
2011-04-20,5851.65
2011-04-19,5740.75
2011-04-18,5729.1
2011-04-15,5824.55
2011-04-14,5911.5
2011-04-13,5911.5
2011-04-12,5785.7
2011-04-11,5785.7
2011-04-08,5842
2011-04-07,5885.7
2011-04-06,5891.75
2011-04-05,5910.05
2011-04-04,5908.45
2011-04-01,5826.05
2011-03-31,5833.75
2011-03-30,5787.65
2011-03-29,5736.35
2011-03-28,5687.25
2011-03-25,5654.25
2011-03-24,5522.4
2011-03-23,5480.25
2011-03-22,5413.85
2011-03-21,5364.75
2011-03-18,5373.7
2011-03-17,5446.65
2011-03-16,5511.15
2011-03-15,5449.65
2011-03-14,5531.5
2011-03-11,5445.45
2011-03-10,5494.4
2011-03-09,5531
2011-03-08,5520.8
2011-03-07,5463.15
2011-03-04,5538.75
2011-03-03,5536.2
2011-03-02,5522.3
2011-03-01,5522.3
2011-02-28,5333.25
2011-02-25,5303.55
2011-02-24,5262.7
2011-02-23,5437.35
2011-02-22,5469.2
2011-02-21,5518.6
2011-02-18,5458.95
2011-02-17,5546.45
2011-02-16,5481.7
2011-02-15,5481
2011-02-14,5456
2011-02-11,5310
2011-02-10,5225.8
2011-02-09,5253.55
2011-02-08,5312.55
2011-02-07,5396
2011-02-04,5395.75
2011-02-03,5526.75
2011-02-02,5432
2011-02-01,5417.2
2011-01-31,5505.9
2011-01-28,5512.15
2011-01-27,5604.3
2011-01-26,5687.4
2011-01-25,5687.4
2011-01-24,5743.25
2011-01-21,5696.5
2011-01-20,5711.6
2011-01-19,5691.05
2011-01-18,5724.05
2011-01-17,5654.75
2011-01-14,5654.55
2011-01-13,5751.9
2011-01-12,5863.25
2011-01-11,5754.1
2011-01-10,5762.85
2011-01-07,5904.6
2011-01-06,6048.25
2011-01-05,6079.8
2011-01-04,6146.35
2011-01-03,6157.6
2010-12-31,6134.5
2010-12-30,6101.85
2010-12-29,6060.35
2010-12-28,5996
2010-12-27,5998.1
2010-12-24,6011.6
2010-12-23,5980
2010-12-22,5984.4
2010-12-21,6000.65
2010-12-20,5947.05
2010-12-17,5948.75
2010-12-16,5948.75
2010-12-15,5892.3
2010-12-14,5944.1
2010-12-13,5907.65
2010-12-10,5857.35
2010-12-09,5766.5
2010-12-08,5903.7
2010-12-07,5976.55
2010-12-06,5992.25
2010-12-03,5992.8
2010-12-02,6011.7
2010-12-01,5960.9
2010-11-30,5862.7
2010-11-29,5830
2010-11-26,5751.95
2010-11-25,5799.75
2010-11-24,5865.75
2010-11-23,5934.75
2010-11-22,6010
2010-11-19,5890.3
2010-11-18,5998.8
2010-11-17,5988.7
2010-11-16,5988.7
2010-11-15,6121.6
2010-11-12,6071.65
2010-11-11,6194.25
2010-11-10,6275.7
2010-11-09,6301.55
2010-11-08,6273.2
2010-11-05,6312.45
2010-11-04,6281.8
2010-11-03,6160.5
2010-11-02,6119
2010-11-01,6117.55
2010-10-29,6017.7
2010-10-28,5987.7
2010-10-27,6012.65
2010-10-26,6082
2010-10-25,6105.8
2010-10-22,6066.05
2010-10-21,6101.5
2010-10-20,5982.1
2010-10-19,6027.3
2010-10-18,6075.95
2010-10-15,6062.65
2010-10-14,6177.35
2010-10-13,6233.9
2010-10-12,6090.9
2010-10-11,6135.85
2010-10-08,6103.45
2010-10-07,6120.3
2010-10-06,6186.45
2010-10-05,6145.8
2010-10-04,6159.45
2010-10-01,6143.4
2010-09-30,6029.95
2010-09-29,5991.3
2010-09-28,6029.5
2010-09-27,6035.65
2010-09-24,6018.3
2010-09-23,5959.55
2010-09-22,5991
2010-09-21,6009.05
2010-09-20,5980.45
2010-09-17,5884.95
2010-09-16,5828.7
2010-09-15,5860.95
2010-09-14,5795.55
2010-09-13,5760
2010-09-09,5640.05
2010-09-08,5607.85
2010-09-07,5604
2010-09-06,5576.95
2010-09-03,5479.4
2010-09-02,5486.15
2010-09-01,5471.85
2010-08-31,5402.4
2010-08-30,5415.45
2010-08-27,5408.7
2010-08-26,5477.9
2010-08-25,5462.35
2010-08-24,5505.1
2010-08-23,5543.5
2010-08-20,5530.65
2010-08-19,5540.2
2010-08-18,5479.15
2010-08-17,5414.15
2010-08-16,5418.3
2010-08-13,5452.1
2010-08-12,5416.45
2010-08-11,5420.6
2010-08-10,5460.7
2010-08-09,5486.15
2010-08-06,5439.25
2010-08-05,5447.1
2010-08-04,5467.85
2010-08-03,5439.55
2010-08-02,5431.65
2010-07-30,5367.6
2010-07-29,5408.9
2010-07-28,5397.55
2010-07-27,5430.6
2010-07-26,5418.6
2010-07-23,5449.1
2010-07-22,5441.95
2010-07-21,5399.35
2010-07-20,5368
2010-07-19,5386.45
2010-07-16,5393.9
2010-07-15,5378.75
2010-07-14,5386.15
2010-07-13,5400.65
2010-07-12,5383
2010-07-09,5352.45
2010-07-08,5296.85
2010-07-07,5241.1
2010-07-06,5289.05
2010-07-05,5235.9
2010-07-02,5237.1
2010-07-01,5251.4
2010-06-30,5312.5
2010-06-29,5256.15
2010-06-28,5333.5
2010-06-25,5269.05
2010-06-24,5320.6
2010-06-23,5323.15
2010-06-22,5316.55
2010-06-21,5353.3
2010-06-18,5262.6
2010-06-17,5274.85
2010-06-16,5233.35
2010-06-15,5222.35
2010-06-14,5197.7
2010-06-11,5119.35
2010-06-10,5078.6
2010-06-09,5000.3
2010-06-08,4987.1
2010-06-07,5034
2010-06-04,5135.5
2010-06-03,5110.5
2010-06-02,5019.85
2010-06-01,4970.2
2010-05-31,5086.3
2010-05-28,5066.55
2010-05-27,5003.1
2010-05-26,4917.4
2010-05-25,4806.75
2010-05-24,4943.95
2010-05-21,4931.15
2010-05-20,4947.6
2010-05-19,4919.65
2010-05-18,5066.2
2010-05-17,5059.9
2010-05-14,5093.5
2010-05-13,5178.9
2010-05-12,5156.65
2010-05-11,5136.15
2010-05-10,5193.6
2010-05-07,5018.05
2010-05-06,5090.85
2010-05-05,5124.9
2010-05-04,5148.5
2010-05-03,5222.75
2010-04-30,5278
2010-04-29,5254.15
2010-04-28,5215.45
2010-04-27,5308.35
2010-04-26,5322.45
2010-04-23,5304.1
2010-04-22,5269.35
2010-04-21,5244.9
2010-04-20,5230.1
2010-04-19,5203.65
2010-04-16,5262.6
2010-04-15,5273.6
2010-04-13,5322.95
2010-04-12,5339.7
2010-04-09,5361.75
2010-04-08,5304.45
2010-04-07,5374.65
2010-04-06,5366
2010-04-05,5368.4
2010-04-01,5290.5
2010-03-31,5249.1
2010-03-30,5262.45
2010-03-29,5302.85
2010-03-26,5282
2010-03-25,5260.4
2010-03-23,5225.3
2010-03-22,5205.2
2010-03-19,5262.8
2010-03-18,5245.9
2010-03-17,5231.9
2010-03-16,5198.1
2010-03-15,5128.9
2010-03-12,5137
2010-03-11,5133.4
2010-03-10,5116.25
2010-03-09,5101.5
2010-03-08,5124
2010-03-05,5088.7
2010-03-04,5080.25
2010-03-03,5088.1
2010-03-02,5017
2010-02-26,4922.3
2010-02-25,4859.75
2010-02-24,4858.6
2010-02-23,4870.05
2010-02-22,4856.4
2010-02-19,4844.9
2010-02-18,4887.75
2010-02-17,4914
2010-02-16,4855.75
2010-02-15,4801.95
2010-02-11,4826.85
2010-02-10,4757.2
2010-02-09,4792.65
2010-02-08,4760.4
2010-02-06,4749.35
2010-02-05,4718.65
2010-02-04,4845.35
2010-02-03,4931.85
2010-02-02,4830.1
2010-02-01,4899.7
2010-01-29,4882.05
2010-01-28,4867.25
2010-01-27,4853.1
2010-01-25,5007.9
2010-01-22,5036
2010-01-21,5094.15
2010-01-20,5221.7
2010-01-19,5225.65
2010-01-18,5274.85
2010-01-15,5252.2
2010-01-14,5259.9
2010-01-13,5233.95
2010-01-12,5210.4
2010-01-11,5249.4
2010-01-08,5244.75
2010-01-07,5263.1
2010-01-06,5281.8
2010-01-05,5277.9
2010-01-04,5232.2
2009-12-31,5201.05
2009-12-30,5169.45
2009-12-29,5187.95
2009-12-24,5178.4
2009-12-23,5144.6
2009-12-22,4985.85
2009-12-21,4952.6
2009-12-18,4987.7
2009-12-17,5041.75
2009-12-16,5042.05
2009-12-15,5033.05
2009-12-14,5105.7
2009-12-11,5117.3
2009-12-10,5134.65
2009-12-09,5112
2009-12-08,5147.95
2009-12-07,5066.7
2009-12-04,5108.9
2009-12-03,5131.7
2009-12-02,5123.25
2009-12-01,5122
2009-11-30,5032.7
2009-11-27,4941.75
2009-11-26,5005.55
2009-11-25,5108.15
2009-11-24,5090.55
2009-11-23,5103.55
2009-11-20,5052.45
2009-11-19,4989
2009-11-18,5054.7
2009-11-17,5062.25
2009-11-16,5058.05
2009-11-13,4998.95
2009-11-12,4952.65
2009-11-11,5003.95
2009-11-10,4881.7
2009-11-09,4898.4
2009-11-06,4796.15
2009-11-05,4765.55
2009-11-04,4710.8
2009-11-03,4563.9
2009-10-30,4711.7
2009-10-29,4750.55
2009-10-28,4826.15
2009-10-27,4846.7
2009-10-26,4970.9
2009-10-23,4997.05
2009-10-22,4988.6
2009-10-21,5063.6
2009-10-20,5114.45
2009-10-17,5125.65
2009-10-16,5142.15
2009-10-15,5108.85
2009-10-14,5118.2
2009-10-12,5054.25
2009-10-09,4945.2
2009-10-08,5002.25
2009-10-07,4985.75
2009-10-06,5027.4
2009-10-05,5003.2
2009-10-01,5083.4
2009-09-30,5083.95
2009-09-29,5006.85
2009-09-25,4958.95
2009-09-24,4986.55
2009-09-23,4969.95
2009-09-22,5020.2
2009-09-18,4976.05
2009-09-17,4965.55
2009-09-16,4958.4
2009-09-15,4892.1
2009-09-14,4808.6
2009-09-11,4829.55
2009-09-10,4819.4
2009-09-09,4814.25
2009-09-08,4805.25
2009-09-07,4782.9
2009-09-04,4680.4
2009-09-03,4593.55
2009-09-02,4608.35
2009-09-01,4625.35
2009-08-31,4662.1
2009-08-28,4732.35
2009-08-27,4688.2
2009-08-26,4680.85
2009-08-25,4659.35
2009-08-24,4642.8
2009-08-21,4528.8
2009-08-20,4453.45
2009-08-19,4394.1
2009-08-18,4458.9
2009-08-17,4387.9
2009-08-14,4580.05
2009-08-13,4605
2009-08-12,4457.5
2009-08-11,4471.35
2009-08-10,4437.65
2009-08-07,4481.4
2009-08-06,4585.5
2009-08-05,4694.15
2009-08-04,4680.5
2009-08-03,4711.4
2009-07-31,4636.45
2009-07-30,4571.45
2009-07-29,4513.5
2009-07-28,4564.1
2009-07-27,4572.3
2009-07-24,4568.55
2009-07-23,4523.75
2009-07-22,4398.9
2009-07-21,4469.1
2009-07-20,4502.25
2009-07-17,4374.95
2009-07-16,4231.4
2009-07-15,4233.5
2009-07-14,4111.4
2009-07-13,3974.05
2009-07-10,4003.9
2009-07-09,4080.95
2009-07-08,4078.9
2009-07-07,4202.15
2009-07-06,4165.7
2009-07-03,4424.25
2009-07-02,4348.85
2009-07-01,4340.9
2009-06-30,4291.1
2009-06-29,4390.95
2009-06-26,4375.5
2009-06-25,4241.85
2009-06-24,4292.95
2009-06-23,4247
2009-06-22,4235.25
2009-06-19,4313.6
2009-06-18,4251.4
2009-06-17,4356.15
2009-06-16,4517.8
2009-06-15,4484
2009-06-12,4583.4
2009-06-11,4637.7
2009-06-10,4655.25
2009-06-09,4550.95
2009-06-08,4429.9
2009-06-05,4586.9
2009-06-04,4572.65
2009-06-03,4530.7
2009-06-02,4525.25
2009-06-01,4529.9
2009-05-29,4448.95
2009-05-28,4337.1
2009-05-27,4276.05
2009-05-26,4116.7
2009-05-25,4237.55
2009-05-22,4238.5
2009-05-21,4210.9
2009-05-20,4270.3
2009-05-19,4318.45
2009-05-18,4323.15
2009-05-15,3671.65
2009-05-14,3593.45
2009-05-13,3635.25
2009-05-12,3681.1
2009-05-11,3554.6
2009-05-08,3620.7
2009-05-07,3683.9
2009-05-06,3625.05
2009-05-05,3661.9
2009-05-04,3654
2009-04-29,3473.95
2009-04-28,3362.35
2009-04-27,3470
2009-04-24,3480.75
2009-04-23,3423.7
2009-04-22,3330.3
2009-04-21,3365.3
2009-04-20,3377.1
2009-04-17,3384.4
2009-04-16,3369.5
2009-04-15,3484.15
2009-04-13,3382.6
2009-04-09,3342.05
2009-04-08,3342.95
2009-04-06,3256.6
2009-04-02,3211.05
2009-04-01,3060.35
2009-03-31,3020.95
2009-03-30,2978.15
2009-03-27,3108.65
2009-03-26,3082.25
2009-03-25,2984.35
2009-03-24,2938.7
2009-03-23,2939.9
2009-03-20,2807.05
2009-03-19,2807.15
2009-03-18,2794.7
2009-03-17,2757.45
2009-03-16,2777.25
2009-03-13,2719.25
2009-03-12,2617.45
2009-03-09,2573.15
2009-03-06,2620.15
2009-03-05,2576.7
2009-03-04,2645.2
2009-03-03,2622.4
2009-03-02,2674.6
2009-02-27,2763.65
2009-02-26,2785.65
2009-02-25,2762.5
2009-02-24,2733.9
2009-02-20,2736.45
2009-02-19,2789.35
2009-02-18,2776.15
2009-02-17,2770.5
2009-02-16,2848.5
2009-02-13,2948.35
2009-02-12,2893.05
2009-02-11,2925.7
2009-02-10,2934.5
2009-02-09,2919.9
2009-02-06,2843.1
2009-02-05,2780.05
2009-02-04,2803.05
2009-02-03,2783.9
2009-02-02,2766.65
2009-01-30,2874.8
2009-01-29,2823.95
2009-01-28,2849.5
2009-01-27,2771.35
2009-01-23,2678.55
2009-01-22,2713.8
2009-01-21,2706.15
2009-01-20,2796.6
2009-01-19,2846.2
2009-01-16,2828.45
2009-01-15,2736.7
2009-01-14,2835.3
2009-01-13,2744.95
2009-01-12,2773.1
2009-01-09,2873
2009-01-07,2920.4
2009-01-06,3112.8
2009-01-05,3121.45
2009-01-02,3046.75
2009-01-01,3033.45
2008-12-31,2959.15
2008-12-30,2979.5
2008-12-29,2922.2
2008-12-26,2857.25
2008-12-24,2916.85
2008-12-23,2968.65
2008-12-22,3039.3
2008-12-19,3077.5
2008-12-18,3060.75
2008-12-17,2954.35
2008-12-16,3041.75
2008-12-15,2981.2
2008-12-12,2921.35
2008-12-11,2920.15
2008-12-10,2928.25
2008-12-08,2784
2008-12-05,2714.4
2008-12-04,2788
2008-12-03,2656.45
2008-12-02,2657.8
2008-12-01,2682.9
2008-11-28,2755.1
2008-11-26,2752.25
2008-11-25,2654
2008-11-24,2708.25
2008-11-21,2693.45
2008-11-20,2553.15
2008-11-19,2635
2008-11-18,2683.15
2008-11-17,2799.55
2008-11-14,2810.35
2008-11-12,2848.45
2008-11-11,2938.65
2008-11-10,3148.25
2008-11-07,2973
2008-11-06,2892.65
2008-11-05,2994.95
2008-11-04,3142.1
2008-11-03,3043.85
2008-10-31,2885.6
2008-10-29,2697.05
2008-10-28,2684.6
2008-10-27,2524.2
2008-10-24,2584
2008-10-23,2943.15
2008-10-22,3065.15
2008-10-21,3234.9
2008-10-20,3122.8
2008-10-17,3074.35
2008-10-16,3269.3
2008-10-15,3338.4
2008-10-14,3518.65
2008-10-13,3490.7
2008-10-10,3279.95
2008-10-08,3513.65
2008-10-07,3606.6
2008-10-06,3602.35
2008-10-03,3818.3
2008-10-01,3950.75
2008-09-30,3921.2
2008-09-29,3850.05
2008-09-26,3985.25
2008-09-25,4110.55
2008-09-24,4161.25
2008-09-23,4126.9
2008-09-22,4223.05
2008-09-19,4245.25
2008-09-18,4038.15
2008-09-17,4008.25
2008-09-16,4074.9
2008-09-15,4072.9
2008-09-12,4228.45
2008-09-11,4290.3
2008-09-10,4400.25
2008-09-09,4468.7
2008-09-08,4482.3
2008-09-05,4352.3
2008-09-04,4447.75
2008-09-02,4504
2008-09-01,4348.65
2008-08-29,4360
2008-08-28,4214
2008-08-27,4292.1
2008-08-26,4337.5
2008-08-25,4335.35
2008-08-22,4327.45
2008-08-21,4283.85
2008-08-20,4415.75
2008-08-19,4368.25
2008-08-18,4393.05
2008-08-14,4430.7
2008-08-13,4529.05
2008-08-12,4552.25
2008-08-11,4620.4
2008-08-08,4529.5
2008-08-07,4523.85
2008-08-06,4517.55
2008-08-05,4502.85
2008-08-04,4395.35
2008-08-01,4413.55
2008-07-31,4332.95
2008-07-30,4313.55
2008-07-29,4189.85
2008-07-28,4332.1
2008-07-25,4311.85
2008-07-24,4433.55
2008-07-23,4476.8
2008-07-22,4240.1
2008-07-21,4159.5
2008-07-18,4092.25
2008-07-17,3947.2
2008-07-16,3816.7
2008-07-15,3861.1
2008-07-14,4039.7
2008-07-11,4049
2008-07-10,4162.2
2008-07-09,4157.1
2008-07-08,3988.55
2008-07-07,4030
2008-07-04,4016
2008-07-03,3925.75
2008-07-02,4093.35
2008-07-01,3896.75
2008-06-30,4040.55
2008-06-27,4136.65
2008-06-26,4315.85
2008-06-25,4252.65
2008-06-24,4191.1
2008-06-23,4266.4
2008-06-20,4347.55
2008-06-19,4504.25
2008-06-18,4582.4
2008-06-17,4653
2008-06-16,4572.5
2008-06-13,4517.1
2008-06-12,4539.35
2008-06-11,4523.6
2008-06-10,4449.8
2008-06-09,4500.95
2008-06-06,4627.8
2008-06-05,4676.95
2008-06-04,4585.6
2008-06-03,4715.9
2008-06-02,4739.6
2008-05-30,4870.1
2008-05-29,4835.3
2008-05-28,4918.35
2008-05-27,4859.8
2008-05-26,4875.05
2008-05-23,4946.55
2008-05-22,5025.45
2008-05-21,5117.65
2008-05-20,5104.95
2008-05-16,5157.7
2008-05-15,5115.25
2008-05-14,5011.75
2008-05-13,4957.8
2008-05-12,5012.65
2008-05-09,4982.6
2008-05-08,5081.7
2008-05-07,5135.5
2008-05-06,5144.65
2008-05-05,5192.25
2008-05-02,5228.2
2008-04-30,5165.9
2008-04-29,5195.5
2008-04-28,5089.65
2008-04-25,5111.7
2008-04-24,4999.85
2008-04-23,5022.8
2008-04-22,5049.3
2008-04-21,5037
2008-04-17,4958.4
2008-04-16,4887.3
2008-04-15,4879.65
2008-04-11,4777.8
2008-04-10,4733
2008-04-09,4747.05
2008-04-08,4709.65
2008-04-07,4761.2
2008-04-04,4647
2008-04-03,4771.6
2008-04-02,4754.2
2008-04-01,4739.55
2008-03-31,4734.5
2008-03-28,4942
2008-03-27,4830.25
2008-03-26,4828.85
2008-03-25,4877.5
2008-03-24,4609.85
2008-03-19,4573.95
2008-03-18,4533
2008-03-17,4503.1
2008-03-14,4745.8
2008-03-13,4623.6
2008-03-12,4872
2008-03-11,4865.9
2008-03-10,4800.4
2008-03-07,4771.6
2008-03-05,4921.4
2008-03-04,4864.25
2008-03-03,4953
2008-02-29,5223.5
2008-02-28,5285.1
2008-02-27,5268.4
2008-02-26,5270.05
2008-02-25,5200.7
2008-02-22,5110.75
2008-02-21,5191.8
2008-02-20,5154.45
2008-02-19,5280.8
2008-02-18,5276.9
2008-02-15,5302.9
2008-02-14,5202
2008-02-13,4929.45
2008-02-12,4838.25
2008-02-11,4857
2008-02-08,5120.35
2008-02-07,5133.25
2008-02-06,5322.55
2008-02-05,5483.9
2008-02-04,5463.5
2008-02-01,5317.25
2008-01-31,5137.45
2008-01-30,5167.6
2008-01-29,5280.8
2008-01-28,5274.1
2008-01-25,5383.35
2008-01-24,5033.45
2008-01-23,5203.4
2008-01-22,4899.3
2008-01-21,5208.8
2008-01-18,5705.3
2008-01-17,5913.2
2008-01-16,5935.75
2008-01-15,6074.25
2008-01-14,6206.8
2008-01-11,6200.1
2008-01-10,6156.95
2008-01-09,6272
2008-01-08,6287.85
2008-01-07,6279.1
2008-01-04,6274.3
2008-01-03,6178.55
2008-01-02,6179.4
2008-01-01,6144.35
2007-12-31,6138.6
2007-12-28,6079.7
2007-12-27,6081.5
2007-12-26,6070.75
2007-12-24,5985.1
2007-12-20,5766.5
2007-12-19,5751.15
2007-12-18,5742.3
2007-12-17,5777
2007-12-14,6047.7
2007-12-13,6058.1
2007-12-12,6159.3
2007-12-11,6097.25
2007-12-10,5960.6
2007-12-07,5974.3
2007-12-06,5954.7
2007-12-05,5940
2007-12-04,5858.35
2007-12-03,5865
2007-11-30,5762.75
2007-11-29,5634.6
2007-11-28,5617.55
2007-11-27,5698.15
2007-11-26,5731.7
2007-11-23,5608.6
2007-11-22,5519.35
2007-11-21,5561.05
2007-11-20,5780.9
2007-11-19,5907.65
2007-11-16,5906.85
2007-11-15,5912.1
2007-11-14,5937.9
2007-11-13,5695.4
2007-11-12,5617.1
2007-11-09,5663.25
2007-11-08,5698.75
2007-11-07,5782.35
2007-11-06,5786.5
2007-11-05,5847.3
2007-11-02,5932.4
2007-11-01,5866.45
2007-10-31,5900.65
2007-10-30,5868.75
2007-10-29,5905.9
2007-10-26,5702.3
2007-10-25,5568.95
2007-10-24,5496.15
2007-10-23,5473.7
2007-10-22,5184
2007-10-19,5215.3
2007-10-18,5351
2007-10-17,5559.3
2007-10-16,5668.05
2007-10-15,5670.4
2007-10-12,5428.25
2007-10-11,5524.85
2007-10-10,5441.45
2007-10-09,5327.25
2007-10-08,5085.1
2007-10-05,5185.85
2007-10-04,5208.65
2007-10-03,5210.8
2007-10-01,5068.95
2007-09-28,5021.35
2007-09-27,5000.55
2007-09-26,4940.5
2007-09-25,4938.85
2007-09-24,4932.2
2007-09-21,4837.55
2007-09-20,4747.55
2007-09-19,4732.35
2007-09-18,4546.2
2007-09-17,4494.65
2007-09-14,4518
2007-09-13,4528.95
2007-09-12,4496.85
2007-09-11,4497.05
2007-09-10,4507.85
2007-09-07,4509.5
2007-09-06,4518.6
2007-09-05,4475.85
2007-09-04,4479.25
2007-09-03,4474.75
2007-08-31,4464
2007-08-30,4412.3
2007-08-29,4359.3
2007-08-28,4320.7
2007-08-27,4302.6
2007-08-24,4190.15
2007-08-23,4114.95
2007-08-22,4153.15
2007-08-21,4074.9
2007-08-20,4209.05
2007-08-17,4108.05
2007-08-16,4178.6
2007-08-14,4370.2
2007-08-13,4373.65
2007-08-10,4333.35
2007-08-09,4403.2
2007-08-08,4462.1
2007-08-07,4356.35
2007-08-06,4339.5
2007-08-03,4401.55
2007-08-02,4356.35
2007-08-01,4345.85
2007-07-31,4528.85
2007-07-30,4440.05
2007-07-27,4445.2
2007-07-26,4619.8
2007-07-25,4588.7
2007-07-24,4620.75
2007-07-23,4619.35
2007-07-20,4566.05
2007-07-19,4562.1
2007-07-18,4499.55
2007-07-17,4496.75
2007-07-16,4512.15
2007-07-13,4504.55
2007-07-12,4446.15
2007-07-11,4387.15
2007-07-10,4406.05
2007-07-09,4419.4
2007-07-06,4384.85
2007-07-05,4353.95
2007-07-04,4359.3
2007-07-03,4357.55
2007-07-02,4313.75
2007-06-29,4318.3
2007-06-28,4282
2007-06-27,4263.95
2007-06-26,4285.7
2007-06-25,4259.4
2007-06-22,4252.05
2007-06-21,4267.4
2007-06-20,4248.65
2007-06-19,4214.3
2007-06-18,4147.1
2007-06-15,4171.45
2007-06-14,4170
2007-06-13,4113.05
2007-06-12,4155.2
2007-06-11,4145.6
2007-06-08,4145
2007-06-07,4179.5
2007-06-06,4198.25
2007-06-05,4284.65
2007-06-04,4267.05
2007-06-01,4297.05
2007-05-31,4295.8
2007-05-30,4249.65
2007-05-29,4293.25
2007-05-28,4256.55
2007-05-25,4248.15
2007-05-24,4204.9
2007-05-23,4246.2
2007-05-22,4278.1
2007-05-21,4260.9
2007-05-18,4214.5
2007-05-17,4219.55
2007-05-16,4170.95
2007-05-15,4120.3
2007-05-14,4134.3
2007-05-11,4076.65
2007-05-10,4066.8
2007-05-09,4079.3
2007-05-08,4077
2007-05-07,4111.15
2007-05-04,4117.35
2007-05-03,4150.85
2007-04-30,4087.9
2007-04-27,4083.5
2007-04-26,4177.85
2007-04-25,4167.3
2007-04-24,4141.8
2007-04-23,4085.1
2007-04-20,4083.55
2007-04-19,3997.65
2007-04-18,4011.6
2007-04-17,3984.95
2007-04-16,4013.35
2007-04-13,3917.35
2007-04-12,3829.85
2007-04-11,3862.65
2007-04-10,3848.15
2007-04-09,3843.5
2007-04-05,3752
2007-04-04,3733.25
2007-04-03,3690.65
2007-04-02,3633.6
2007-03-30,3821.55
2007-03-29,3798.1
2007-03-28,3761.1
2007-03-26,3819.95
2007-03-23,3861.05
2007-03-22,3875.9
2007-03-21,3764.55
2007-03-20,3697.6
2007-03-19,3678.9
2007-03-16,3608.55
2007-03-15,3643.6
2007-03-14,3641.1
2007-03-13,3770.55
2007-03-12,3734.6
2007-03-09,3718
2007-03-08,3761.65
2007-03-07,3626.85
2007-03-06,3655.65
2007-03-05,3576.5
2007-03-02,3726.75
2007-03-01,3811.2
2007-02-28,3745.3
2007-02-27,3893.9
2007-02-26,3942
2007-02-23,3938.95
2007-02-22,4040
2007-02-21,4096.2
2007-02-20,4106.95
2007-02-19,4164.55
2007-02-15,4146.2
2007-02-14,4047.1
2007-02-13,4044.55
2007-02-12,4058.3
2007-02-09,4187.4
2007-02-08,4223.4
2007-02-07,4224.25
2007-02-06,4195.9
2007-02-05,4215.35
2007-02-02,4183.5
2007-02-01,4137.2
2007-01-31,4082.7
2007-01-29,4124.45
2007-01-25,4147.7
2007-01-24,4089.9
2007-01-23,4066.1
2007-01-22,4102.45
2007-01-19,4090.15
2007-01-18,4109.05
2007-01-17,4076.45
2007-01-16,4080.5
2007-01-15,4078.4
2007-01-12,4052.45
2007-01-11,3942.25
2007-01-10,3850.3
2007-01-09,3911.4
2007-01-08,3933.4
2007-01-05,3983.4
2007-01-04,3988.8
2007-01-03,4024.05
2007-01-02,4007.4
2006-12-29,3966.4
2006-12-28,3970.55
2006-12-27,3974.25
2006-12-26,3940.5
2006-12-22,3871.15
2006-12-21,3833.5
2006-12-20,3815.55
2006-12-19,3832
2006-12-18,3928.75
2006-12-15,3888.65
2006-12-14,3843.05
2006-12-13,3765.2
2006-12-12,3716.9
2006-12-11,3849.5
2006-12-08,3962
2006-12-07,4015.35
2006-12-06,4015.95
2006-12-05,4015.75
2006-12-04,4001
2006-12-01,3997.6
2006-11-30,3954.5
2006-11-29,3928.2
2006-11-28,3921.75
2006-11-27,3968.9
2006-11-24,3950.85
2006-11-23,3945.45
2006-11-22,3954.75
2006-11-21,3918.25
2006-11-20,3856.15
2006-11-17,3852.8
2006-11-16,3876.85
2006-11-15,3876.3
2006-11-14,3865.9
2006-11-13,3858.75
2006-11-10,3834.75
2006-11-09,3796.4
2006-11-08,3777.3
2006-11-07,3798.75
2006-11-06,3809.25
2006-11-03,3805.35
2006-11-02,3791.2
2006-11-01,3767.05
2006-10-31,3744.1
2006-10-30,3769.1
2006-10-27,3739.35
2006-10-26,3677.55
2006-10-23,3657.3
2006-10-21,3683.5
2006-10-20,3676.85
2006-10-19,3677.8
2006-10-18,3710.65
2006-10-17,3715
2006-10-16,3723.95
2006-10-13,3676.05
2006-10-12,3621.05
2006-10-11,3558.55
2006-10-10,3571.05
2006-10-09,3567.15
2006-10-06,3569.7
2006-10-05,3564.9
2006-10-04,3515.35
2006-10-03,3569.6
2006-09-29,3588.4
2006-09-28,3571.75
2006-09-27,3579.3
2006-09-26,3571.75
2006-09-25,3523.45
2006-09-22,3544.05
2006-09-21,3553.05
2006-09-20,3502.8
2006-09-19,3457.35
2006-09-18,3492.75
2006-09-15,3478.6
2006-09-14,3471.6
2006-09-13,3454.55
2006-09-12,3389.9
2006-09-11,3366.15
2006-09-08,3471.45
2006-09-07,3454.55
2006-09-06,3477.25
2006-09-05,3473.75
2006-09-04,3476.85
2006-09-01,3435.45
2006-08-31,3413.9
2006-08-30,3430.35
2006-08-29,3425.7
2006-08-28,3401.1
2006-08-25,3385.95
2006-08-24,3370.4
2006-08-23,3335.8
2006-08-22,3364.6
2006-08-21,3366
2006-08-18,3356.75
2006-08-17,3353.9
2006-08-16,3356.05
2006-08-14,3313.1
2006-08-11,3274.35
2006-08-10,3260.1
2006-08-09,3254.6
2006-08-08,3212.4
2006-08-07,3151.1
2006-08-04,3176.75
2006-08-03,3190
2006-08-02,3182.1
2006-08-01,3147.8
2006-07-31,3143.2
2006-07-28,3130.8
2006-07-27,3156.15
2006-07-26,3110.15
2006-07-25,3040.5
2006-07-24,2985.85
2006-07-21,2945
2006-07-20,3023.05
2006-07-19,2932.75
2006-07-18,2993.65
2006-07-17,3007.55
2006-07-14,3123.35
2006-07-13,3169.3
2006-07-12,3195.9
2006-07-11,3116.15
2006-07-10,3142
2006-07-07,3075.85
2006-07-06,3156.4
2006-07-05,3197.1
2006-07-04,3138.65
2006-07-03,3150.95
2006-06-30,3128.2
2006-06-29,2997.9
2006-06-28,2981.1
2006-06-27,2982.45
2006-06-26,2943.2
2006-06-25,3050.3
2006-06-23,3042.7
2006-06-22,2994.75
2006-06-21,2923.45
2006-06-20,2861.3
2006-06-19,2916.9
2006-06-16,2890.35
2006-06-15,2798.8
2006-06-14,2632.8
2006-06-13,2663.3
2006-06-12,2776.85
2006-06-09,2866.3
2006-06-08,2724.35
2006-06-07,2860.45
2006-06-06,2937.3
2006-06-05,3016.65
2006-06-02,3091.35
2006-06-01,2962.25
2006-05-31,3071.05
2006-05-30,3185.3
2006-05-29,3214.9
2006-05-26,3209.6
2006-05-25,3177.7
2006-05-24,3115.55
2006-05-23,3199.35
2006-05-22,3081.35
2006-05-19,3246.9
2006-05-18,3388.9
2006-05-17,3635.1
2006-05-16,3523.3
2006-05-15,3502.95
2006-05-12,3650.05
2006-05-11,3701.05
2006-05-10,3754.25
2006-05-09,3720.55
2006-05-08,3693.15
2006-05-05,3663.95
2006-05-04,3648.4
2006-05-03,3634.25
2006-05-02,3605.45
2006-04-29,3557.6
2006-04-28,3508.35
2006-04-27,3508.1
2006-04-26,3555.75
2006-04-25,3462.65
2006-04-24,3548.9
2006-04-21,3573.05
2006-04-20,3573.5
2006-04-19,3535.85
2006-04-18,3518.1
2006-04-17,3425.15
2006-04-13,3345.5
2006-04-12,3380
2006-04-10,3478.45
2006-04-07,3454.8
2006-04-05,3510.9
2006-04-04,3483.15
2006-04-03,3473.3
2006-03-31,3402.55
2006-03-30,3418.95
2006-03-29,3354.2
2006-03-28,3325
2006-03-27,3321.65
2006-03-24,3279.8
2006-03-23,3247.15
2006-03-22,3240.15
2006-03-21,3262.3
2006-03-20,3265.65
